/search	51843740
/api/v1/users	28466237
/register	27782611
/api/v1/orders	27661055
/robots.txt	27399290
/	27343242
/blog/post-2	27328438
/products/hats	27286579
/products	27253580
/dashboard	27247639
/blog/post-3	27095415
/wp-login.php	26878520
/static/app.js	26854933
/static/main.css	26686949
/admin	26611921
/blog/post-1	26542402
/checkout	26276644
/blog	26275303
/contact	26118289
/xmlrpc.php	26099965
/index.html	26002351
/favicon.ico	25989621
/404	25980192
/login	25954581
/about	25938634
/api/v1/products	25827990
/cart	25736218
/products/bags	25652069
/sitemap.xml	25015825
/products/shoes	24050817
